id,category,stance
0,info_news,1
1,info_news,1
2,info_news,1
3,info_news,1
4,info_news,1
5,info_news,1
6,info_news,1
7,info_news,0
8,info_news,1
9,info_news,1
10,info_news,1
11,info_news,1
12,info_news,1
13,info_news,1
14,info_news,1
15,info_news,1
16,info_news,1
17,info_news,1
18,info_news,1
19,info_news,1
20,info_news,1
21,info_news,1
22,info_news,1
23,info_news,1
24,info_news,1
25,info_news,1
26,info_news,1
27,info_news,1
28,info_news,1
29,info_news,1
30,info_news,1
31,info_news,1
32,info_news,1
33,info_news,1
34,info_news,1
35,info_news,1
36,info_news,1
37,info_news,1
38,info_news,1
39,info_news,0
40,info_news,1
41,info_news,1
42,info_news,1
43,info_news,1
44,info_news,1
45,info_news,1
46,info_news,1
47,info_news,1
48,info_news,1
49,info_news,1
50,info_news,1
51,info_news,1
52,info_news,1
53,info_news,1
54,info_news,1
55,info_news,0
56,info_news,1
57,info_news,1
58,info_news,1
59,info_news,1
60,info_news,1
61,info_news,1
62,info_news,1
63,info_news,1
64,info_news,1
65,info_news,1
66,info_news,1
67,info_news,1
68,info_news,1
69,info_news,1
70,info_news,1
71,info_news,1
72,info_news,1
73,info_news,1
74,info_news,1
75,info_news,1
76,info_news,1
77,info_news,1
78,info_news,1
79,info_news,0
80,info_news,1
81,info_news,1
82,info_news,1
83,info_news,1
84,info_news,1
85,info_news,1
86,info_news,1
87,info_news,1
88,info_news,1
89,info_news,1
90,info_news,1
91,info_news,1
92,info_news,1
93,info_news,1
94,info_news,1
95,info_news,1
96,info_news,1
97,info_news,1
98,info_news,1
99,info_news,1
100,info_news,1
101,info_news,1
102,info_news,1
103,info_news,1
104,info_news,1
105,info_news,1
106,info_news,1
107,info_news,1
108,info_news,1
109,info_news,1
110,info_news,0
111,info_news,1
112,info_news,1
113,info_news,1
114,info_news,1
115,info_news,1
116,info_news,1
117,info_news,1
118,info_news,1
119,info_news,1
120,info_news,1
121,info_news,1
122,info_news,1
123,info_news,0
124,info_news,1
125,info_news,1
126,info_news,1
127,info_news,1
128,info_news,1
129,info_news,1
130,info_news,1
131,info_news,1
132,info_news,1
133,info_news,1
134,info_news,1
135,info_news,1
136,info_news,1
137,info_news,1
138,info_news,1
139,info_news,1
140,info_news,1
141,info_news,1
142,info_news,1
143,info_news,1
144,info_news,1
145,info_news,1
146,info_news,1
147,info_news,1
148,info_news,1
149,info_news,1
150,info_news,1
151,info_news,1
152,info_news,1
153,info_news,1
154,info_news,1
155,info_news,1
156,info_news,1
157,personal,0
158,info_news,1
159,info_news,1
160,info_news,1
161,info_news,1
162,info_news,0
163,info_news,1
164,info_news,1
165,info_news,1
166,info_news,1
167,info_news,1
168,info_news,1
169,info_news,1
170,info_news,1
171,info_news,1
172,info_news,1
173,info_news,1
174,info_news,1
175,info_news,1
176,info_news,1
177,info_news,1
178,info_news,0
179,info_news,1
180,info_news,1
181,info_news,1
182,info_news,1
183,info_news,1
184,info_news,1
185,info_news,1
186,info_news,1
187,info_news,1
188,info_news,1
189,info_news,1
190,info_news,1
191,info_news,1
192,info_news,1
193,info_news,1
194,info_news,1
195,info_news,1
196,info_news,0
197,info_news,1
198,info_news,1
199,info_news,1
200,info_news,1
201,info_news,1
202,info_news,1
203,info_news,1
204,info_news,1
205,info_news,1
206,info_news,1
207,info_news,1
208,info_news,1
209,info_news,1
210,info_news,1
211,info_news,1
212,info_news,1
213,info_news,1
214,info_news,1
215,info_news,1
216,info_news,1
217,info_news,1
218,info_news,1
219,info_news,1
220,info_news,1
221,info_news,1
222,info_news,1
223,info_news,1
224,info_news,1
225,info_news,1
226,info_news,1
227,info_news,1
228,info_news,1
229,info_news,1
230,info_news,1
231,info_news,1
232,info_news,1
233,info_news,1
234,info_news,1
235,info_news,1
236,info_news,1
237,info_news,1
238,info_news,1
239,info_news,1
240,info_news,0
241,info_news,1
242,info_news,1
243,info_news,1
244,info_news,1
245,info_news,0
246,info_news,1
247,info_news,1
248,info_news,1
249,info_news,1
250,info_news,1
251,info_news,1
252,info_news,1
253,info_news,1
254,info_news,1
255,info_news,1
256,info_news,1
257,info_news,1
258,info_news,1
259,info_news,1
260,info_news,1
261,info_news,1
262,info_news,1
263,info_news,1
264,info_news,1
265,info_news,1
266,info_news,1
267,info_news,1
268,info_news,1
269,info_news,1
270,info_news,1
271,info_news,1
272,info_news,1
273,info_news,1
274,info_news,1
275,info_news,1
276,info_news,1
277,info_news,1
278,info_news,1
279,info_news,1
280,info_news,1
281,info_news,1
282,info_news,1
283,info_news,1
284,info_news,1
285,info_news,1
286,info_news,1
287,info_news,1
288,info_news,1
289,info_news,1
290,info_news,1
291,info_news,1
292,info_news,1
293,info_news,1
294,info_news,1
295,info_news,1
296,info_news,1
297,info_news,1
298,info_news,1
299,info_news,1
300,info_news,1
301,info_news,1
302,info_news,1
303,info_news,1
304,info_news,1
305,info_news,1
306,info_news,1
307,info_news,1
308,info_news,1
309,info_news,1
310,info_news,1
311,info_news,1
312,info_news,1
313,info_news,1
314,info_news,1
315,info_news,1
316,info_news,1
317,info_news,1
318,info_news,1
319,info_news,1
320,info_news,1
321,info_news,1
322,info_news,1
323,info_news,1
324,info_news,1
325,info_news,1
326,info_news,1
327,info_news,1
328,info_news,1
329,info_news,1
330,info_news,1
331,info_news,1
332,info_news,1
333,info_news,1
334,info_news,1
335,info_news,1
336,info_news,1
337,personal,1
338,info_news,1
339,info_news,1
340,info_news,1
341,info_news,1
342,info_news,1
343,info_news,1
344,info_news,1
345,info_news,1
346,info_news,1
347,info_news,1
348,info_news,1
349,info_news,1
350,info_news,1
351,info_news,1
352,info_news,1
353,info_news,1
354,info_news,1
355,info_news,1
356,info_news,1
357,info_news,1
358,info_news,1
359,info_news,1
360,info_news,1
361,info_news,1
362,info_news,1
363,info_news,1
364,info_news,1
365,info_news,0
366,info_news,1
367,info_news,1
368,info_news,1
369,info_news,1
370,info_news,1
371,info_news,1
372,info_news,1
373,info_news,1
374,info_news,1
375,info_news,1
376,info_news,1
377,info_news,1
378,info_news,1
379,info_news,1
380,info_news,1
381,info_news,1
382,info_news,1
383,info_news,1
384,info_news,1
385,info_news,1
386,info_news,1
387,info_news,1
388,info_news,1
389,info_news,1
390,info_news,1
391,info_news,1
392,info_news,1
393,info_news,0
394,info_news,1
395,info_news,1
396,info_news,1
397,info_news,1
398,info_news,1
399,info_news,1
400,info_news,1
401,info_news,1
402,info_news,1
403,info_news,1
404,info_news,1
405,personal,1
406,info_news,1
407,info_news,1
408,info_news,1
409,info_news,1
410,info_news,1
411,info_news,0
412,info_news,1
413,info_news,1
414,info_news,1
415,info_news,1
416,info_news,1
417,personal,0
418,info_news,1
419,info_news,1
420,info_news,1
421,info_news,1
422,info_news,1
423,info_news,1
424,info_news,1
425,info_news,1
426,info_news,1
427,info_news,1
428,info_news,1
429,info_news,1
430,info_news,1
431,info_news,1
432,info_news,1
433,info_news,1
434,info_news,1
435,info_news,1
436,info_news,1
437,info_news,1
438,info_news,1
439,info_news,1
440,info_news,1
441,info_news,1
442,info_news,1
443,info_news,1
444,info_news,1
445,info_news,1
446,info_news,1
447,info_news,1
448,info_news,1
449,info_news,1
450,info_news,0
451,info_news,1
452,info_news,1
453,info_news,1
454,info_news,1
455,info_news,1
456,info_news,1
457,info_news,1
458,info_news,1
459,info_news,1
460,info_news,1
461,info_news,1
462,info_news,1
463,info_news,1
464,info_news,1
465,info_news,1
466,info_news,1
467,info_news,0
468,info_news,1
469,info_news,1
470,info_news,1
471,info_news,1
472,info_news,1
473,info_news,0
474,info_news,1
475,info_news,1
476,info_news,1
477,info_news,1
478,info_news,1
479,info_news,1
480,info_news,1
481,info_news,0
482,info_news,1
483,info_news,1
484,info_news,1
485,info_news,1
486,info_news,1
487,info_news,1
488,info_news,1
489,info_news,1
490,info_news,1
491,info_news,0
492,info_news,1
493,info_news,1
494,info_news,1
495,info_news,1
496,info_news,1
497,info_news,1
498,info_news,1
499,info_news,1
500,info_news,1
501,info_news,1
502,info_news,1
503,info_news,1
504,info_news,0
505,info_news,1
506,info_news,1
507,info_news,1
508,info_news,1
509,info_news,1
510,info_news,1
511,info_news,1
512,info_news,1
513,info_news,1
514,info_news,1
515,info_news,1
516,info_news,1
517,info_news,1
518,info_news,1
519,info_news,1
520,info_news,1
521,info_news,1
522,info_news,1
523,info_news,1
524,info_news,1
525,info_news,1
526,info_news,1
527,info_news,1
528,personal,0
529,info_news,1
530,info_news,1
531,info_news,1
532,info_news,1
533,info_news,1
534,info_news,1
535,info_news,1
536,info_news,0
537,info_news,1
538,info_news,1
539,info_news,1
540,info_news,0
541,info_news,1
542,info_news,1
543,info_news,1
544,personal,0
545,info_news,1
546,info_news,1
547,info_news,1
548,info_news,0
549,info_news,1
550,info_news,1
551,info_news,1
552,info_news,1
553,info_news,1
554,info_news,1
555,info_news,1
556,info_news,1
557,info_news,1
558,info_news,1
559,info_news,0
560,info_news,1
561,info_news,1
562,info_news,1
563,info_news,1
564,info_news,1
565,info_news,1
566,info_news,1
567,info_news,0
568,info_news,1
569,info_news,1
570,personal,1
571,info_news,1
572,info_news,1
573,personal,0
574,info_news,1
575,info_news,1
576,info_news,1
577,info_news,1
578,info_news,1
579,info_news,1
580,info_news,1
581,info_news,1
582,info_news,1
583,info_news,1
584,info_news,1
585,info_news,1
586,info_news,1
587,info_news,0
588,info_news,1
589,info_news,1
590,info_news,0
591,info_news,1
592,info_news,1
593,info_news,1
594,info_news,1
595,info_news,1
596,info_news,1
597,info_news,1
598,info_news,1
599,info_news,1
600,info_news,1
601,info_news,1
602,info_news,1
603,info_news,1
604,info_news,1
605,info_news,1
606,info_news,1
607,info_news,1
608,info_news,1
609,info_news,1
610,info_news,1
611,info_news,1
612,info_news,1
613,info_news,1
614,info_news,0
615,info_news,1
616,info_news,1
617,info_news,1
618,info_news,1
619,info_news,1
620,info_news,1
621,info_news,1
622,info_news,1
623,info_news,1
624,info_news,1
625,info_news,1
626,info_news,1
627,info_news,1
628,info_news,1
629,info_news,1
630,info_news,1
631,info_news,1
632,info_news,1
633,info_news,1
634,info_news,1
635,info_news,1
636,info_news,1
637,info_news,1
638,info_news,1
639,info_news,1
640,info_news,1
641,info_news,1
642,info_news,1
643,info_news,1
644,info_news,1
645,info_news,1
646,info_news,1
647,info_news,1
648,info_news,1
649,info_news,1
650,info_news,1
651,info_news,1
652,info_news,1
653,info_news,1
654,info_news,1
655,info_news,1
656,info_news,1
657,info_news,1
658,info_news,1
659,info_news,1
660,info_news,1
661,info_news,1
662,info_news,1
663,info_news,1
664,info_news,1
665,info_news,1
666,info_news,1
667,info_news,1
668,info_news,1
669,info_news,1
670,info_news,1
671,info_news,1
672,info_news,1
673,info_news,1
674,info_news,1
675,info_news,1
676,info_news,1
677,info_news,1
678,info_news,1
679,info_news,1
680,info_news,1
681,info_news,0
682,info_news,1
683,info_news,1
684,info_news,1
685,info_news,1
686,info_news,1
687,info_news,1
688,info_news,1
689,info_news,1
690,info_news,1
691,info_news,1
692,personal,1
693,info_news,1
694,info_news,1
695,info_news,1
696,info_news,1
697,info_news,1
698,info_news,1
699,info_news,1
700,info_news,1
701,info_news,1
702,info_news,1
703,info_news,1
704,info_news,1
705,info_news,1
706,info_news,1
707,info_news,1
708,info_news,1
709,info_news,1
710,info_news,1
711,info_news,1
712,personal,0
713,info_news,1
714,info_news,1
715,info_news,1
716,info_news,1
717,info_news,1
718,info_news,1
719,info_news,1
720,info_news,1
721,info_news,1
722,info_news,1
723,info_news,1
724,info_news,1
725,info_news,0
726,info_news,1
727,info_news,1
728,info_news,1
729,info_news,0
730,info_news,1
731,info_news,1
732,info_news,1
733,info_news,1
734,info_news,1
735,info_news,1
736,info_news,1
737,info_news,1
738,info_news,1
739,info_news,1
740,info_news,1
741,info_news,1
742,info_news,1
743,info_news,1
744,info_news,1
745,info_news,1
746,info_news,1
747,info_news,1
748,info_news,1
749,info_news,1
750,info_news,1
751,info_news,0
752,info_news,1
753,info_news,1
754,info_news,1
755,info_news,1
756,info_news,1
757,info_news,0
758,info_news,1
759,info_news,1
760,info_news,1
761,info_news,1
762,info_news,1
763,info_news,1
764,info_news,1
765,info_news,1
766,info_news,1
767,info_news,1
768,info_news,1
769,info_news,0
770,info_news,1
771,info_news,1
772,info_news,1
773,info_news,1
774,info_news,1
775,info_news,1
776,info_news,1
777,info_news,1
778,info_news,1
779,info_news,1
780,info_news,1
781,info_news,1
782,info_news,1
783,info_news,1
784,info_news,1
785,info_news,1
786,info_news,1
787,info_news,1
788,info_news,1
789,info_news,1
790,info_news,1
791,info_news,1
792,info_news,1
793,info_news,1
794,info_news,1
795,info_news,1
796,info_news,0
797,info_news,1
798,info_news,1
799,info_news,1
800,info_news,1
801,info_news,1
802,info_news,1
803,info_news,1
804,info_news,1
805,info_news,1
806,personal,1
807,info_news,1
808,info_news,1
809,info_news,1
810,info_news,1
811,info_news,1
812,info_news,1
813,info_news,1
814,info_news,1
815,info_news,1
816,info_news,1
817,info_news,1
818,info_news,1
819,info_news,1
820,info_news,1
821,info_news,1
822,info_news,1
823,info_news,1
824,info_news,1
825,info_news,1
826,info_news,1
827,info_news,1
828,info_news,0
829,info_news,1
830,info_news,1
831,info_news,1
832,info_news,1
833,info_news,1
834,info_news,1
835,info_news,1
836,info_news,1
837,info_news,1
838,info_news,1
839,info_news,1
840,info_news,1
841,info_news,1
842,info_news,1
843,info_news,1
844,info_news,1
845,info_news,0
846,info_news,1
847,info_news,1
848,info_news,1
849,info_news,1
850,info_news,1
851,info_news,1
852,info_news,1
853,info_news,1
854,info_news,1
855,info_news,1
856,info_news,1
857,info_news,1
858,info_news,1
859,info_news,1
860,info_news,1
861,info_news,1
862,info_news,1
863,info_news,1
864,info_news,1
865,info_news,1
866,info_news,1
867,info_news,1
868,info_news,1
869,info_news,1
870,info_news,1
871,info_news,1
872,info_news,1
873,info_news,1
874,info_news,1
875,info_news,1
876,info_news,1
877,info_news,1
878,info_news,1
879,info_news,1
880,personal,0
881,info_news,1
882,info_news,1
883,info_news,1
884,personal,1
885,info_news,1
886,info_news,1
887,info_news,1
888,info_news,1
889,info_news,1
890,info_news,1
891,info_news,1
892,info_news,1
893,info_news,0
894,info_news,1
895,info_news,1
896,info_news,1
897,info_news,1
898,info_news,1
899,info_news,1
900,info_news,1
901,info_news,1
902,info_news,1
903,info_news,1
904,info_news,1
905,info_news,1
906,info_news,1
907,info_news,1
908,info_news,1
909,info_news,1
910,info_news,1
911,info_news,1
912,info_news,1
913,info_news,1
914,info_news,0
915,info_news,1
916,info_news,1
917,info_news,1
918,info_news,1
919,info_news,1
920,info_news,1
921,info_news,1
922,info_news,1
923,info_news,1
924,info_news,1
925,info_news,1
926,info_news,1
927,info_news,1
928,info_news,1
929,info_news,1
930,info_news,1
931,info_news,0
932,info_news,1
933,info_news,1
934,info_news,1
935,info_news,1
936,info_news,1
937,info_news,1
938,info_news,1
939,info_news,1
940,info_news,1
941,info_news,1
942,info_news,0
943,info_news,1
944,info_news,1
945,info_news,1
946,info_news,1
947,info_news,1
948,info_news,1
949,info_news,1
950,info_news,1
951,info_news,1
952,info_news,1
953,info_news,1
954,info_news,1
955,info_news,1
956,info_news,1
957,info_news,1
958,info_news,1
959,info_news,1
960,info_news,1
961,info_news,1
962,info_news,1
963,info_news,1
964,info_news,1
965,info_news,1
966,info_news,1
967,info_news,1
968,info_news,1
969,info_news,1
970,info_news,1
971,info_news,1
972,info_news,1
973,info_news,1
974,info_news,1
975,info_news,1
976,info_news,1
977,info_news,1
978,info_news,1
979,info_news,1
980,info_news,1
981,info_news,1
982,info_news,1
983,info_news,1
984,info_news,1
985,info_news,1
986,info_news,1
987,info_news,1
988,info_news,1
989,info_news,1
990,info_news,1
991,info_news,1
992,info_news,1
993,info_news,1
994,info_news,1
995,info_news,1
996,info_news,1
997,info_news,1
998,info_news,1
999,info_news,1
1000,info_news,1
1001,info_news,1
1002,info_news,1
1003,info_news,1
1004,info_news,1
1005,info_news,1
1006,info_news,1
1007,info_news,1
1008,info_news,1
1009,info_news,1
1010,info_news,1
1011,info_news,1
1012,info_news,1
1013,info_news,1
1014,info_news,1
1015,info_news,1
1016,info_news,1
1017,info_news,1
1018,info_news,1
1019,info_news,0
1020,info_news,1
1021,info_news,1
1022,info_news,1
1023,info_news,1
1024,info_news,1
1025,info_news,1
1026,info_news,1
1027,info_news,1
1028,info_news,1
1029,info_news,1
1030,info_news,1
1031,info_news,1
1032,info_news,1
1033,info_news,1
1034,info_news,1
1035,info_news,1
1036,info_news,1
1037,info_news,1
1038,info_news,1
1039,info_news,1
1040,info_news,1
1041,info_news,1
1042,info_news,1
1043,info_news,1
1044,info_news,1
1045,info_news,1
1046,info_news,1
1047,info_news,1
1048,personal,0
1049,info_news,0
1050,info_news,1
1051,info_news,1
1052,info_news,1
1053,info_news,1
1054,info_news,1
1055,info_news,1
1056,info_news,1
1057,info_news,1
1058,info_news,1
1059,info_news,1
1060,info_news,1
1061,info_news,1
1062,info_news,1
1063,info_news,1
1064,info_news,1
1065,info_news,1
1066,info_news,1
1067,info_news,1
1068,info_news,1
1069,info_news,1
1070,info_news,1
1071,info_news,1
1072,info_news,1
1073,info_news,1
1074,info_news,1
1075,info_news,1
1076,info_news,1
1077,info_news,1
1078,info_news,1
1079,info_news,1
1080,info_news,1
1081,info_news,1
1082,info_news,1
1083,info_news,1
1084,info_news,1
1085,info_news,1
1086,info_news,1
1087,info_news,1
1088,info_news,1
1089,info_news,1
1090,info_news,1
1091,info_news,1
1092,info_news,1
1093,info_news,1
1094,info_news,1
1095,info_news,1
1096,info_news,1
1097,info_news,1
1098,info_news,1
1099,info_news,0
1100,info_news,1
1101,info_news,1
1102,info_news,1
1103,info_news,0
1104,info_news,1
1105,info_news,1
1106,info_news,1
1107,info_news,1
1108,info_news,1
1109,info_news,1
1110,info_news,1
1111,info_news,1
1112,info_news,1
1113,info_news,1
1114,info_news,1
1115,info_news,1
1116,info_news,1
1117,info_news,1
1118,info_news,1
1119,info_news,1
1120,info_news,1
1121,info_news,1
1122,info_news,1
1123,info_news,1
1124,info_news,1
1125,info_news,1
1126,info_news,0
1127,info_news,1
1128,personal,0
1129,info_news,1
1130,info_news,1
1131,info_news,1
1132,info_news,0
1133,info_news,1
1134,info_news,1
1135,info_news,1
1136,info_news,1
1137,info_news,1
1138,personal,1
1139,info_news,1
1140,info_news,1
1141,info_news,1
1142,info_news,1
1143,info_news,1
1144,info_news,1
1145,info_news,1
1146,info_news,1
1147,info_news,1
1148,info_news,1
1149,info_news,1
1150,info_news,1
1151,info_news,1
1152,info_news,1
1153,info_news,1
1154,info_news,1
1155,info_news,1
1156,info_news,1
1157,info_news,1
1158,info_news,1
1159,info_news,1
1160,info_news,1
1161,info_news,1
1162,info_news,1
1163,info_news,1
1164,info_news,1
1165,info_news,1
1166,info_news,1
1167,info_news,1
1168,info_news,1
1169,info_news,1
1170,info_news,0
1171,info_news,1
1172,info_news,1
1173,info_news,1
1174,info_news,1
1175,info_news,0
1176,info_news,1
1177,info_news,1
1178,info_news,1
1179,info_news,1
1180,info_news,1
1181,info_news,1
1182,info_news,1
1183,info_news,1
1184,info_news,1
1185,info_news,1
1186,info_news,1
1187,info_news,1
1188,info_news,1
1189,info_news,1
1190,info_news,1
1191,info_news,1
1192,info_news,1
1193,info_news,1
1194,info_news,1
1195,info_news,1
1196,info_news,1
1197,info_news,1
1198,info_news,1
1199,info_news,1
1200,info_news,1
1201,info_news,0
1202,info_news,1
1203,info_news,1
1204,info_news,1
1205,info_news,1
1206,info_news,1
1207,info_news,1
1208,info_news,1
1209,personal,0
1210,info_news,1
1211,info_news,1
1212,info_news,1
1213,info_news,1
1214,info_news,1
1215,info_news,1
1216,info_news,1
1217,info_news,1
1218,info_news,1
1219,info_news,1
1220,info_news,1
1221,info_news,1
1222,info_news,1
1223,info_news,1
1224,info_news,1
1225,info_news,1
1226,info_news,1
1227,info_news,1
1228,info_news,1
1229,info_news,1
1230,info_news,1
1231,info_news,1
1232,info_news,1
1233,info_news,1
1234,info_news,1
1235,info_news,1
1236,info_news,1
1237,personal,1
1238,info_news,1
1239,info_news,1
1240,info_news,1
1241,info_news,1
1242,info_news,1
1243,info_news,1
1244,info_news,1
1245,info_news,1
1246,info_news,1
1247,info_news,1
1248,info_news,1
1249,info_news,1
1250,info_news,0
1251,info_news,1
1252,info_news,1
1253,info_news,1
1254,info_news,1
1255,info_news,1
1256,info_news,0
1257,info_news,1
1258,info_news,1
1259,info_news,1
1260,info_news,1
1261,info_news,1
1262,info_news,1
1263,info_news,1
1264,info_news,1
1265,info_news,1
1266,info_news,1
1267,info_news,1
1268,info_news,1
1269,info_news,1
1270,info_news,1
1271,info_news,1
1272,info_news,1
1273,info_news,1
1274,info_news,1
1275,info_news,1
1276,info_news,1
1277,info_news,1
1278,info_news,1
1279,info_news,1
1280,info_news,1
1281,info_news,1
1282,info_news,1
1283,info_news,1
1284,info_news,1
1285,info_news,1
1286,info_news,1
1287,info_news,1
1288,info_news,1
1289,info_news,1
1290,info_news,1
1291,info_news,1
1292,info_news,1
1293,info_news,1
1294,info_news,1
1295,info_news,0
1296,info_news,1
1297,info_news,1
1298,info_news,1
1299,info_news,1
1300,info_news,1
1301,info_news,1
1302,info_news,1
1303,info_news,1
1304,info_news,1
1305,info_news,1
1306,info_news,1
1307,info_news,1
1308,info_news,1
1309,info_news,1
1310,info_news,1
1311,info_news,1
1312,info_news,1
1313,info_news,1
1314,info_news,1
1315,info_news,1
1316,info_news,1
1317,info_news,1
1318,info_news,1
1319,info_news,0
1320,info_news,1
1321,info_news,1
1322,info_news,1
1323,info_news,1
1324,info_news,1
1325,info_news,1
1326,info_news,1
1327,info_news,1
1328,info_news,1
1329,info_news,1
1330,info_news,1
1331,info_news,1
1332,info_news,1
1333,info_news,1
1334,info_news,1
1335,info_news,1
1336,info_news,1
1337,info_news,1
1338,info_news,1
1339,info_news,1
1340,info_news,1
1341,info_news,1
1342,info_news,1
1343,info_news,1
1344,info_news,1
1345,info_news,1
1346,info_news,1
1347,info_news,1
1348,info_news,1
1349,info_news,1
1350,info_news,1
1351,info_news,1
1352,info_news,1
1353,info_news,1
1354,info_news,1
1355,info_news,1
1356,info_news,1
1357,info_news,1
1358,info_news,1
1359,info_news,1
1360,info_news,1
1361,info_news,1
1362,info_news,1
1363,info_news,1
1364,info_news,1
1365,info_news,1
1366,info_news,1
1367,info_news,1
1368,info_news,1
1369,info_news,1
1370,info_news,1
1371,info_news,1
1372,info_news,1
1373,info_news,1
1374,info_news,1
1375,info_news,1
1376,info_news,1
1377,info_news,1
1378,info_news,1
1379,info_news,1
1380,info_news,1
1381,info_news,1
1382,info_news,1
1383,info_news,1
1384,info_news,1
1385,info_news,1
1386,info_news,1
1387,info_news,1
1388,info_news,1
1389,info_news,1
1390,personal,0
1391,info_news,1
1392,info_news,1
1393,info_news,1
1394,info_news,1
1395,info_news,1
1396,info_news,1
1397,info_news,1
1398,info_news,1
1399,info_news,1
1400,info_news,1
1401,info_news,1
1402,info_news,1
1403,info_news,1
1404,info_news,0
1405,info_news,1
1406,info_news,1
1407,info_news,1
1408,info_news,1
1409,info_news,1
1410,info_news,1
1411,info_news,1
1412,info_news,1
1413,info_news,1
1414,personal,1
1415,info_news,1
1416,info_news,1
1417,info_news,1
1418,info_news,1
1419,info_news,1
1420,info_news,1
1421,info_news,1
1422,info_news,1
1423,info_news,1
1424,info_news,1
1425,info_news,1
1426,info_news,1
1427,info_news,1
1428,info_news,1
1429,info_news,1
1430,info_news,1
1431,info_news,1
1432,info_news,1
1433,info_news,1
1434,info_news,1
1435,info_news,1
1436,info_news,1
1437,info_news,1
1438,info_news,1
1439,info_news,1
1440,info_news,1
1441,info_news,1
1442,info_news,1
1443,info_news,1
1444,info_news,1
1445,info_news,1
1446,info_news,1
1447,info_news,1
1448,info_news,1
1449,info_news,1
1450,info_news,1
1451,info_news,1
1452,info_news,1
1453,info_news,1
1454,info_news,1
1455,info_news,1
1456,info_news,1
1457,info_news,1
1458,info_news,1
1459,info_news,1
1460,info_news,1
1461,info_news,1
1462,info_news,1
1463,info_news,1
1464,info_news,1
1465,info_news,1
1466,info_news,1
1467,info_news,1
1468,info_news,1
1469,info_news,1
1470,info_news,1
1471,info_news,1
1472,info_news,1
1473,info_news,1
1474,info_news,1
1475,info_news,1
1476,info_news,1
1477,info_news,1
1478,info_news,1
1479,info_news,1
1480,info_news,1
1481,info_news,1
1482,info_news,1
1483,info_news,1
1484,info_news,1
1485,info_news,1
1486,info_news,1
1487,info_news,1
1488,info_news,1
1489,info_news,1
1490,info_news,1
1491,info_news,1
1492,info_news,1
1493,info_news,1
1494,info_news,1
1495,info_news,1
1496,info_news,0
1497,info_news,1
1498,info_news,1
1499,info_news,1
1500,info_news,1
1501,info_news,1
1502,info_news,1
1503,info_news,1
1504,info_news,1
1505,info_news,1
1506,info_news,1
1507,info_news,1
1508,info_news,1
1509,info_news,1
1510,info_news,1
1511,info_news,1
1512,info_news,1
1513,info_news,1
1514,info_news,1
1515,info_news,1
1516,info_news,1
1517,info_news,1
1518,info_news,1
1519,info_news,1
1520,info_news,1
1521,info_news,1
1522,info_news,1
1523,info_news,1
1524,info_news,1
1525,info_news,1
1526,info_news,1
1527,info_news,0
1528,info_news,1
1529,info_news,1
1530,info_news,1
1531,info_news,1
1532,info_news,1
1533,info_news,1
1534,info_news,1
1535,info_news,1
1536,info_news,1
1537,info_news,1
1538,info_news,1
1539,info_news,1
1540,info_news,1
1541,info_news,1
1542,info_news,1
1543,info_news,1
1544,info_news,1
1545,info_news,1
1546,info_news,0
1547,info_news,1
1548,info_news,1
1549,info_news,1
1550,info_news,1
1551,info_news,1
1552,info_news,1
1553,info_news,1
1554,info_news,1
1555,info_news,1
1556,info_news,1
1557,info_news,1
1558,info_news,1
1559,personal,0
1560,info_news,1
1561,info_news,1
1562,info_news,1
1563,info_news,1
1564,info_news,1
1565,info_news,1
1566,info_news,1
1567,info_news,1
1568,info_news,1
1569,info_news,1
1570,info_news,1
1571,info_news,0
1572,info_news,1
1573,info_news,1
1574,info_news,0
1575,info_news,0
1576,info_news,1
1577,info_news,1
1578,info_news,1
1579,info_news,1
1580,info_news,1
1581,info_news,1
1582,info_news,1
1583,info_news,1
1584,info_news,1
1585,info_news,1
1586,info_news,1
1587,info_news,1
1588,info_news,1
1589,info_news,1
1590,info_news,1
1591,info_news,1
1592,info_news,1
1593,info_news,1
1594,info_news,1
1595,info_news,1
1596,info_news,1
1597,info_news,1
1598,info_news,1
1599,info_news,1
1600,info_news,1
1601,info_news,1
1602,info_news,1
1603,info_news,1
1604,info_news,1
1605,info_news,1
1606,info_news,1
1607,info_news,1
1608,info_news,1
1609,info_news,1
1610,info_news,1
1611,info_news,1
1612,info_news,1
1613,info_news,1
1614,info_news,1
1615,info_news,1
1616,info_news,1
1617,info_news,1
1618,info_news,1
1619,info_news,1
1620,info_news,1
1621,info_news,1
1622,info_news,1
1623,info_news,1
1624,info_news,1
1625,info_news,1
1626,info_news,1
1627,info_news,1
1628,info_news,1
1629,info_news,1
1630,info_news,1
1631,info_news,1
1632,info_news,1
1633,info_news,1
1634,info_news,1
1635,info_news,1
1636,info_news,1
1637,personal,1
1638,info_news,1
1639,info_news,1
1640,personal,0
1641,info_news,1
1642,info_news,1
1643,info_news,1
1644,info_news,1
1645,info_news,1
1646,info_news,1
1647,info_news,1
1648,info_news,1
1649,info_news,1
1650,info_news,1
1651,info_news,1
1652,info_news,1
1653,info_news,1
1654,info_news,1
1655,info_news,1
1656,info_news,1
1657,info_news,1
1658,info_news,1
1659,info_news,1
1660,info_news,1
1661,info_news,1
1662,info_news,1
1663,info_news,1
1664,info_news,1
1665,info_news,1
1666,info_news,1
1667,info_news,1
1668,info_news,1
1669,info_news,1
1670,info_news,1
1671,info_news,1
1672,info_news,1
1673,info_news,1
1674,info_news,1
1675,info_news,1
1676,info_news,1
1677,info_news,1
1678,info_news,1
1679,info_news,1
1680,info_news,1
1681,info_news,1
1682,info_news,1
1683,info_news,1
1684,info_news,1
1685,info_news,1
1686,info_news,1
1687,info_news,1
1688,info_news,1
1689,info_news,1
1690,info_news,1
1691,info_news,1
1692,info_news,1
1693,info_news,1
1694,info_news,1
1695,info_news,1
1696,info_news,1
1697,info_news,1
1698,info_news,1
1699,info_news,1
1700,info_news,1
1701,info_news,1
1702,info_news,1
1703,info_news,1
1704,info_news,1
1705,info_news,1
1706,info_news,1
1707,info_news,1
1708,info_news,1
1709,info_news,1
1710,info_news,1
1711,info_news,1
1712,info_news,1
1713,info_news,1
1714,info_news,1
1715,info_news,1
1716,info_news,1
1717,info_news,1
1718,info_news,1
1719,info_news,1
1720,info_news,0
1721,info_news,1
1722,info_news,1
1723,info_news,1
1724,info_news,1
1725,info_news,1
1726,info_news,1
1727,info_news,1
1728,info_news,1
1729,info_news,1
1730,info_news,1
1731,info_news,1
1732,info_news,1
1733,info_news,1
1734,info_news,1
1735,info_news,1
1736,info_news,1
1737,info_news,1
1738,info_news,1
1739,info_news,1
1740,info_news,1
1741,info_news,1
1742,info_news,1
1743,info_news,1
1744,info_news,1
1745,info_news,1
1746,info_news,1
1747,info_news,1
1748,info_news,1
1749,info_news,1
1750,info_news,1
1751,info_news,1
1752,info_news,1
1753,info_news,1
1754,info_news,1
1755,info_news,1
1756,info_news,1
1757,info_news,1
1758,info_news,1
1759,info_news,1
1760,info_news,1
1761,info_news,1
1762,info_news,1
1763,info_news,1
1764,info_news,1
1765,info_news,1
1766,info_news,1
1767,info_news,1
1768,info_news,1
1769,info_news,1
1770,info_news,1
1771,info_news,1
1772,info_news,1
1773,info_news,1
1774,info_news,1
1775,info_news,1
1776,info_news,1
1777,info_news,1
1778,info_news,1
1779,info_news,1
1780,info_news,1
1781,info_news,1
1782,info_news,1
1783,info_news,1
1784,info_news,1
1785,info_news,1
1786,info_news,1
1787,info_news,1
1788,info_news,1
1789,info_news,1
1790,info_news,1
1791,info_news,1
1792,info_news,1
1793,info_news,1
1794,info_news,1
1795,info_news,1
1796,info_news,1
1797,info_news,1
1798,info_news,0
1799,info_news,1
1800,info_news,1
1801,info_news,1
1802,info_news,1
1803,info_news,1
1804,info_news,1
1805,info_news,1
1806,info_news,1
1807,info_news,1
1808,info_news,1
1809,info_news,1
1810,info_news,1
1811,info_news,1
1812,info_news,1
1813,info_news,1
1814,info_news,1
1815,info_news,1
1816,info_news,1
1817,info_news,1
1818,info_news,1
1819,info_news,1
1820,info_news,1
1821,info_news,1
1822,info_news,1
1823,info_news,1
1824,info_news,1
1825,info_news,1
1826,info_news,1
1827,info_news,1
1828,info_news,1
1829,info_news,1
1830,info_news,1
1831,info_news,1
1832,info_news,1
1833,info_news,1
1834,info_news,1
1835,info_news,1
1836,info_news,1
1837,info_news,1
1838,info_news,1
1839,info_news,1
1840,info_news,1
1841,info_news,1
1842,info_news,1
1843,info_news,1
1844,info_news,1
1845,info_news,1
1846,info_news,1
1847,info_news,1
1848,info_news,1
1849,info_news,1
1850,info_news,1
1851,info_news,1
1852,info_news,1
1853,info_news,1
1854,info_news,1
1855,info_news,1
1856,info_news,1
1857,info_news,1
1858,info_news,1
1859,info_news,1
1860,info_news,1
1861,info_news,1
1862,info_news,1
1863,info_news,1
1864,info_news,1
1865,info_news,1
1866,info_news,1
1867,info_news,1
1868,info_news,0
1869,info_news,1
1870,info_news,1
1871,info_news,1
1872,info_news,1
1873,info_news,1
1874,info_news,1
1875,info_news,1
1876,info_news,1
1877,info_news,1
1878,info_news,1
1879,info_news,1
1880,info_news,1
1881,info_news,1
1882,info_news,1
1883,info_news,1
1884,info_news,1
1885,info_news,1
1886,info_news,1
1887,info_news,1
1888,info_news,1
1889,info_news,1
1890,info_news,1
1891,info_news,1
1892,info_news,1
1893,info_news,1
1894,info_news,1
1895,info_news,1
1896,personal,1
1897,info_news,1
1898,info_news,1
1899,info_news,1
1900,personal,1
1901,info_news,1
1902,info_news,1
1903,info_news,1
1904,info_news,1
1905,info_news,1
1906,info_news,1
1907,info_news,1
1908,info_news,1
1909,info_news,1
1910,info_news,0
1911,info_news,1
1912,info_news,1
1913,info_news,1
1914,info_news,1
1915,info_news,1
1916,info_news,1
1917,info_news,0
1918,info_news,1
1919,info_news,1
1920,info_news,1
1921,info_news,1
1922,info_news,1
1923,info_news,1
1924,info_news,1
1925,info_news,1
1926,info_news,1
1927,info_news,1
1928,info_news,1
1929,info_news,1
1930,info_news,1
1931,info_news,1
1932,info_news,1
1933,info_news,1
1934,info_news,1
1935,info_news,1
1936,info_news,1
1937,info_news,1
1938,info_news,1
1939,info_news,1
1940,info_news,1
1941,info_news,1
1942,info_news,1
1943,info_news,1
1944,info_news,1
1945,info_news,0
1946,info_news,1
1947,info_news,1
1948,info_news,1
1949,info_news,1
1950,info_news,1
1951,info_news,1
1952,info_news,1
1953,info_news,1
1954,info_news,1
1955,info_news,1
1956,info_news,1
1957,info_news,1
1958,info_news,1
1959,info_news,1
1960,info_news,1
1961,info_news,1
1962,info_news,1
1963,info_news,1
1964,info_news,1
1965,info_news,0
1966,info_news,1
1967,info_news,1
1968,info_news,1
1969,info_news,1
1970,info_news,1
1971,info_news,1
1972,info_news,1
1973,info_news,1
1974,info_news,1
1975,info_news,1
1976,info_news,1
1977,info_news,1
1978,info_news,1
1979,info_news,1
1980,info_news,1
1981,info_news,1
1982,info_news,1
1983,info_news,1
1984,info_news,1
1985,info_news,1
1986,info_news,1
1987,info_news,1
1988,info_news,1
1989,info_news,1
1990,info_news,1
1991,info_news,1
1992,info_news,1
1993,info_news,1
1994,info_news,1
1995,info_news,1
1996,info_news,1
1997,info_news,1
1998,info_news,1
1999,info_news,1
